<curriculum_vitae>
	
	<image>
		<image_name>16SW23.jpg</image_name>
		<size>5MB</size>
		<format>.png</format>
	</image>

	<personal_info>
		<name>Zeeman Memon</name>
		<location>Hyderabad, Sindh</location>
		<contact_number>033313176640</contact_number>
		<email>zeeman.memon@gmail.com</email>
	</personal_info>

	<objective>Software engineer with 4 years of experience in management seeking a C level role in Thetic LLC</objective>

	<education>
		<university>
			<name>Mehran UET</name>
			<degree>B.E in Software Engineering</degree>
			<year>2016-2019</year>
		</university>

		<college>
			<name>HIAST</name>
			<degree>Intermediate</degree>
			<year>2013-2015</year>
			<grade>A</grade>
		</college>

		<school>
			<name>St.Boanventure Qasimabad Branch</name>
			<degree>Matriculation</degree>
			<year>20**-20**</year>
			<grade>A+</grade>
		</school>
	</education>

	<awards>
		<award_title>.. </award_title>
		<award_title> ... </award_title>
		
	</awards>

	<experience>
		<projects_list>
			<project name="project Name"></project>
			<project name="project Name"></project>
			<project name="project Name"></project>
		</projects_list>
	</experience>

	<related_experience>
		
	</related_experience>

	<skills>
		<designing>..</designing>
		<programming_skills>..</programming_skills>
		<computerandsoftware>.. </computerandsoftware>
		<more>..</more>
		<other>..</other>
	</skills>

	<research_work>
		<title>..</title>
		<title>..</title>
	</research_work>

	<languages>
		<english>Fluent</english>
		<urdu>Intermediate fluent</urdu>
		<sindhi>Native</sindhi>
	</languages>


</curriculum_vitae>